id;file_name;extension;file_size;hash_id;content_type;upload_path;file_storage_status
1;Common Syrian Cheese;navigating;76260;Gorgeous;Sausages streamline;indigo;ACTIVE
2;iterate;Legacy;38417;Avon;salmon Macao modular;transitional Keyboard interfaces;DRAFT
3;Administrator Iceland;synergies payment Salad;79945;CSS Pre-emptive models;needs-based synthesizing;Metal index;ACTIVE
4;RSS;visualize Tools;30586;Cambridgeshire auxiliary Investor;Human Forward;Automotive Salad;ACTIVE
5;parse;quantify Turkish;79678;purple Tuna;parsing;functionalities indigo;DRAFT
6;Borders solutions;Card orchestrate;6281;Soft Unbranded;Pizza;Chicken;DRAFT
7;Curve;array Nauru;59417;payment blue;solutions generate;Savings Direct Outdoors;ACTIVE
8;Light application;withdrawal transmitting;87006;bandwidth Electronics panel;Chair cross-platform;wireless Pizza;DRAFT
9;override Flats instruction;Village silver;28535;Human Coves Rustic;Intelligent Buckinghamshire tangible;auxiliary Regional solid;ACTIVE
10;CSS Refined;stable motivating;90929;Money Practical York;Vatu;Cheese data-warehouse Steel;DRAFT
